paperID,reviewerID,grade,review
36833670,2054066387,1,The findings presented in this paper are significant and contribute to the existing literature.
36833670,2243095345,4,The study design is robust and addresses potential confounding variables.
258790926,2140061238,3,The conclusions drawn by the authors are supported by the data presented in the paper.
258790926,122028073,3,The results of this study are robust and withstand rigorous scrutiny.
37553840,108284628,1,The conclusions drawn by the authors are supported by the data presented in the paper.
37553840,133754356,4,"Overall, this paper makes a valuable contribution to the field."
73431108,2243095345,5,The discussion section offers insightful interpretations of the findings.
4286278,143646612,3,The literature review is thorough and provides a solid foundation for the study.
4286278,122139827,4,The authors have addressed potential limitations of the study in a thorough and thoughtful manner.
78794320,135864343,2,This paper provides a valuable contribution to the ongoing discourse on the topic.
78794320,122599575,5,The limitations of the study are acknowledged and discussed in a thoughtful manner.
194216967,82996539,3,The conclusions drawn by the authors are well-supported and logically follow from the data.
214090037,2018467139,4,This paper fills an important gap in the literature on the subject.
214090037,148296919,3,The empirical evidence presented in this paper is compelling and supports the hypotheses.
56555627,117481085,4,The authors offer practical recommendations for policymakers based on their findings.
56555627,2123215720,3,The literature review is thorough and provides context for the study.
56555627,30610928,4,The study design is innovative and fills a gap in the literature.
82089198,104956062,2,The discussion section offers a critical analysis of the findings and their implications.
73871837,98511618,1,The limitations of the study are acknowledged and discussed in a thoughtful manner.
99115501,2137832935,1,This paper offers practical insights into addressing real-world challenges.
99115501,1477526489,3,"Overall, this paper makes a substantial contribution to the field and deserves careful consideration."
99115501,1431153698,3,The results of this study have important implications for practitioners in the field.
179081275,2182086763,2,The discussion section offers a nuanced analysis of the findings and their implications.
181456576,119352842,4,The findings presented in this paper have important implications for future research.
186375032,2241862501,4,This paper offers practical insights into addressing real-world challenges.
186375032,119507390,5,The theoretical framework proposed by the authors is supported by the empirical findings.
186375032,2054066387,3,The empirical evidence presented in this paper is compelling and supports the hypotheses.
199840403,2243095345,5,This paper presents a novel approach to understanding the subject matter.
199840403,2247582814,5,This paper presents a novel approach to understanding the subject matter.
204079890,120508973,1,This paper offers valuable insights into a complex phenomenon.
204079890,2243095345,1,The research design is rigorous and allows for meaningful interpretation of the findings.
204079890,2182086763,3,The results of this study are consistent with previous research in the field.
220353019,2096375852,1,This paper adds new insights to the existing body of literature on the subject.
222856387,2193210098,4,The findings of this study have important implications for future research directions.
122599050,2182086763,2,The literature review is thorough and provides context for the study.
122599050,147962352,5,This paper offers practical insights into addressing real-world challenges.
219591472,102683959,4,The empirical evidence presented in this paper is compelling and supports the hypotheses.
219591472,2096375852,2,The results of this study have important implications for policymakers and practitioners.
219591472,66581544,5,The discussion section offers insightful interpretations of the findings.
172709235,2065386201,5,"Overall, this paper makes a valuable contribution to the field."
172709235,2123666838,2,The literature review is thorough and provides a solid foundation for the study.
172709235,2133823537,4,The research design is rigorous and addresses potential confounding variables.
153872722,30610928,1,The research questions posed by the authors are well-defined and relevant to the field.
153872722,147494901,2,The findings of this study have important implications for theory and practice.
264049796,117481085,4,The results of this study contribute to a better understanding of the subject matter.
184037610,89696177,4,This paper provides a comprehensive analysis of the subject matter.
182334866,2218061355,3,The findings of this study have important implications for theory and practice.
182334866,2096375852,2,This paper provides a valuable contribution to the ongoing discourse on the topic.
192484922,2098360087,5,The limitations of the study are acknowledged and discussed in a transparent manner.
192484922,120508973,1,The findings presented in this paper are significant and contribute to the existing literature.
153524263,108284628,2,The study design is innovative and advances our understanding of the subject matter.
204781074,2218061355,4,The theoretical framework proposed by the authors is supported by the empirical findings.
250466801,117481085,4,The results of this study are consistent with previous research findings.
250466801,70125082,4,The research methodology is well-suited to the research questions posed by the authors.
160639247,2065386201,2,The theoretical framework used in this study is well-developed and comprehensive.
168204084,16047379,3,"Overall, this paper makes a substantial contribution to the field and deserves careful consideration."
168204084,2218061355,1,The conclusions drawn from the data are insightful and thought-provoking.
218155783,146578134,4,The findings presented in this paper are significant and contribute to the existing literature.
201226435,122337467,4,The methodology section is detailed and provides a clear roadmap for the study.
201226435,2123666838,3,"Overall, this paper makes a valuable contribution to the field."
265930238,2241862501,5,The conclusions drawn by the authors are supported by the data presented in the paper.
238724897,82996539,1,The discussion section of this paper provides a nuanced understanding of the findings.
238724897,2076820239,2,This paper provides a timely contribution to an ongoing debate in the field.
238724897,122139827,2,The findings of this study have important implications for theory and practice.
157228697,117376442,4,The findings presented in this paper have important implications for future research.
157228697,82996539,4,The theoretical framework used in this study is sound and effectively guides the analysis.
63344908,2053734872,2,The theoretical framework proposed by the authors is supported by the empirical findings.
63344908,135864343,1,The findings of this study have important implications for theory and practice.
63344908,2193210098,2,The limitations of the study are acknowledged and discussed in a transparent manner.
15616987,146465373,1,The study design is innovative and fills a gap in the literature.
89122927,1582700734,1,The study design is innovative and advances our understanding of the subject matter.
89122927,1450168419,2,This paper presents a novel approach to understanding the subject matter.
161530920,119352842,4,The discussion section of this paper provides a nuanced understanding of the findings.
123594221,2116789957,1,This paper advances our understanding of the subject matter in meaningful ways.
123594221,1431153698,4,The discussion section offers a nuanced analysis of the findings and their implications.
123594221,2099165650,1,The research methodology is well-suited to the research questions posed by the authors.
242294658,2182086763,2,The findings of this study have important implications for future research directions.
242294658,52528096,4,This paper fills an important gap in the literature on the subject.
242294658,2079940257,3,The conclusions drawn by the authors are well-supported and logically follow from the data.
20901854,2068193013,2,The limitations of the study are acknowledged and discussed in a transparent manner.
20901854,1431153698,3,The authors offer practical recommendations for policymakers based on their findings.
20901854,117376442,4,This paper offers practical recommendations for addressing real-world problems.
265288747,2096243272,2,"Overall, this paper makes a valuable contribution to the field."
265288747,79869264,4,The findings presented in this paper have important implications for future research.
265288747,16047379,4,This paper fills an important gap in the literature on the subject.
54484490,148296919,4,This paper offers valuable insights into the topic and raises important questions for future research.
54484490,2193210098,2,This paper offers practical insights into addressing real-world challenges.
54484490,2079940257,1,This paper makes a significant contribution to the academic literature on the topic.
268697564,66581544,2,The discussion section offers insightful interpretations of the data.
268697564,2221510848,2,The conclusions drawn by the authors are supported by the data presented in the paper.
268697564,98070078,2,The authors have addressed potential limitations of the study in a thorough and thoughtful manner.
17317040,13469653,5,The authors have addressed potential limitations of the study in a thorough and thoughtful manner.
17317040,2068193013,5,The limitations of the study are acknowledged and discussed in a transparent manner.
57733214,2258510880,4,The conclusions drawn from the data are insightful and thought-provoking.
57733214,79869264,4,The study design is robust and accounts for potential confounding variables.
57733214,122139827,5,The methodology employed in this study is appropriate for the research questions posed.
73187080,1446746160,3,The discussion section offers a nuanced analysis of the findings and their implications.
102416176,70125082,3,The data analysis methods employed in this study are appropriate and well-executed.
100476127,30610928,2,The results of this study are robust and withstand rigorous scrutiny.
100476127,2284451209,4,The limitations of the study are acknowledged and discussed in detail.
138760739,13469653,4,The results of this study have important implications for practitioners in the field.
138760739,2065386201,3,This paper makes a significant contribution to the academic discourse on the topic.
148629271,98511618,2,This paper offers valuable insights into the topic and raises important questions for future research.
132612270,2247582814,4,This paper provides a valuable contribution to the ongoing discourse on the topic.
132612270,2133823537,3,This paper adds new insights to the existing body of literature on the subject.
132612270,1396985790,2,This paper provides a comprehensive analysis of the subject matter.
177802287,2059685525,5,The research methodology employed in this study is rigorous and well-executed.
198893053,117186939,3,The results of this study contribute to a better understanding of the subject matter.
198893053,1582700734,4,The literature review is thorough and provides a solid foundation for the study.
120596926,2122676324,5,"The methodology section is detailed and transparent, allowing for replication of the study."
213330802,148389916,3,This paper adds new insights to the existing body of literature on the subject.
213330802,147962352,2,This paper provides a timely contribution to an ongoing debate in the field.
213330802,2032781703,5,The results of this study contribute to a better understanding of the subject matter.
10833500,30610928,1,This paper challenges existing assumptions in the field and opens up new avenues for research.
10833500,148389916,3,The literature review is thorough and provides a solid foundation for the study.
20089662,117186939,3,The authors have addressed potential limitations of the study in a thorough and thoughtful manner.
20089662,2096375852,1,The theoretical framework used in this study is well-developed and comprehensive.
20089662,102269922,2,The empirical evidence presented in this paper is compelling and supports the hypotheses.
63068375,102683959,4,This paper presents a novel approach to understanding the subject matter.
72915209,79869264,4,The results of this study are consistent with previous research findings.
72915209,119352842,5,The findings of this study have important implications for theory and practice.
85755715,120508973,4,The literature review is comprehensive and provides a solid foundation for the study.
52858045,119352842,3,The discussion section offers insightful interpretations of the data.
52858045,2258510880,1,"The methodology section is detailed and transparent, allowing for replication of the study."
175548404,2059685525,4,This paper offers practical recommendations for addressing real-world problems.
175548404,120508973,4,The theoretical framework used in this study is sound and effectively guides the analysis.
175548404,145244766,2,The authors offer practical recommendations for policymakers based on their findings.
76745315,134200755,1,The literature review is thorough and provides a solid foundation for the study.
76745315,2196783717,5,The study design is innovative and fills a gap in the literature.
221673644,98070078,5,The conclusions drawn by the authors are nuanced and well-supported.
221673644,2137832935,1,This paper offers practical insights into addressing real-world challenges.
221673644,2090079653,3,The theoretical framework used in this study is sound and effectively guides the analysis.
113565652,2213901315,3,This paper provides a timely contribution to an ongoing debate in the field.
113565652,13469653,4,This paper makes a significant contribution to the academic literature on the topic.
53723223,2213901315,2,The results of this study are consistent with previous research findings.
210736321,2090079653,3,The literature review is comprehensive and provides a solid foundation for the study.
61880248,2123215720,4,"The methodology section is detailed and transparent, allowing for replication of the study."
128725225,2068193013,3,The theoretical framework used in this study is well-developed and comprehensive.
155980968,2258510880,3,The research design is robust and accounts for potential confounding variables.
155980968,1381107323,2,This paper offers practical insights into addressing real-world challenges.
225790380,2071952962,4,The limitations of the study are acknowledged and discussed in detail.
225790380,52528096,3,This paper challenges existing assumptions in the field and opens up new avenues for research.
204698397,2249371780,4,This paper makes a significant contribution to the academic discourse on the topic.
177250985,2018467139,1,The limitations of the study are acknowledged and discussed in a transparent manner.
177250985,145244766,5,The theoretical framework proposed by the authors is supported by the empirical findings.
88634815,2059685525,1,"The methodology section is detailed and transparent, allowing for replication of the study."
88634815,134200755,5,The conclusions drawn by the authors are supported by the data presented in the paper.
88634815,102683959,3,The conclusions drawn from the data are insightful and thought-provoking.
62882485,102683959,1,This paper offers practical insights into addressing real-world challenges.
62882485,2096375852,4,The research design is rigorous and addresses potential confounding variables.
14640476,2249371780,2,The literature review is comprehensive and provides a solid foundation for the study.
14640476,133754356,2,"Overall, this paper makes a substantial contribution to the field and deserves careful consideration."
14640476,82996539,3,The discussion section offers insightful interpretations of the findings.
681669,1446746160,2,The discussion section offers a critical analysis of the findings and their implications.
681669,2079940257,4,This paper provides a timely contribution to an ongoing debate in the field.
681669,108284628,4,The discussion section offers a critical analysis of the findings and their implications.
192220252,2249371780,4,The findings of this study have important implications for theory and practice.
192220252,2123666838,1,The results of this study are robust and withstand rigorous scrutiny.
268805100,133754356,1,The methodology section is detailed and provides transparency into the research process.
44610313,97911868,5,The research design is innovative and advances our understanding of the topic.
44610313,119507390,3,The research design is rigorous and addresses potential confounding variables.
97892608,2123666838,3,The theoretical framework used in this study is well-suited to the research questions posed.
97892608,2196783717,1,The authors have addressed potential limitations of the study in a thorough and thoughtful manner.
132074289,98511618,3,The conclusions drawn by the authors are supported by the data presented in the paper.
217492134,2137832935,4,The limitations of the study are acknowledged and discussed in a thoughtful manner.
217492134,30610928,1,The conclusions drawn from the data are insightful and thought-provoking.
261801042,2122676324,4,The conclusions drawn by the authors are well-supported and logically follow from the data.
261801042,82996539,1,This paper advances our understanding of the subject matter in meaningful ways.
16647308,122599575,1,This paper offers practical insights into addressing real-world challenges.
134955930,2123215720,1,The results of this study contribute to a better understanding of the subject matter.
134955930,122599575,1,The methodology employed in this study is appropriate for the research questions posed.
109335850,148249768,1,"The methodology section is detailed and transparent, allowing for replication of the study."
122091363,2018467139,5,This paper presents a novel approach to understanding the subject matter.
122091363,2096375852,5,The discussion section offers a critical analysis of the findings and their implications.
124672760,2241862501,3,The methodology section is detailed and provides clarity on the research process.
124672760,123225538,4,This paper offers practical recommendations for addressing real-world problems.
152198704,2241862501,5,The research design is innovative and advances our understanding of the topic.
152198704,2098360087,4,The empirical evidence presented in this paper is compelling and supports the hypotheses.
152198704,133754356,5,The research design is innovative and advances our understanding of the topic.
112532675,102269922,3,The authors have done an excellent job of synthesizing the relevant literature.
266694665,2065957838,4,The empirical evidence presented in this paper is compelling and persuasive.
266694665,66581544,3,The theoretical framework used in this study is well-suited to the research questions.
27499569,119507390,3,The results of this study contribute to a better understanding of the subject matter.
267950777,122599575,2,The conclusions drawn by the authors are supported by the data presented in the paper.
267950777,2284451209,4,The conclusions drawn by the authors are supported by the evidence presented in the paper.
267950777,2218061355,2,The conclusions drawn by the authors are supported by the data presented in the paper.
96053489,98070078,2,The discussion section of this paper provides a nuanced understanding of the findings.
96053489,89696177,3,The conclusions drawn by the authors are logically sound and well-supported.
96053489,1477526489,5,The literature review is thorough and provides context for the study.
220192299,2032781703,3,The results of this study have important implications for policymakers and practitioners.
